,audio_no,chunk_id,chunk_path
0,179,0,./audio_chunks/audio_179_chunk_0.mp3
1,179,1,./audio_chunks/audio_179_chunk_1.mp3
2,179,2,./audio_chunks/audio_179_chunk_2.mp3
3,179,3,./audio_chunks/audio_179_chunk_3.mp3
4,179,4,./audio_chunks/audio_179_chunk_4.mp3
5,179,5,./audio_chunks/audio_179_chunk_5.mp3
6,179,6,./audio_chunks/audio_179_chunk_6.mp3
7,179,7,./audio_chunks/audio_179_chunk_7.mp3
8,179,8,./audio_chunks/audio_179_chunk_8.mp3
9,179,9,./audio_chunks/audio_179_chunk_9.mp3
10,179,10,./audio_chunks/audio_179_chunk_10.mp3
11,179,11,./audio_chunks/audio_179_chunk_11.mp3
12,179,12,./audio_chunks/audio_179_chunk_12.mp3
13,179,13,./audio_chunks/audio_179_chunk_13.mp3
14,179,14,./audio_chunks/audio_179_chunk_14.mp3
15,179,15,./audio_chunks/audio_179_chunk_15.mp3
16,179,16,./audio_chunks/audio_179_chunk_16.mp3
17,179,17,./audio_chunks/audio_179_chunk_17.mp3
18,179,18,./audio_chunks/audio_179_chunk_18.mp3
19,179,19,./audio_chunks/audio_179_chunk_19.mp3
20,179,20,./audio_chunks/audio_179_chunk_20.mp3
21,179,21,./audio_chunks/audio_179_chunk_21.mp3
22,179,22,./audio_chunks/audio_179_chunk_22.mp3
23,179,23,./audio_chunks/audio_179_chunk_23.mp3
24,179,24,./audio_chunks/audio_179_chunk_24.mp3
25,179,25,./audio_chunks/audio_179_chunk_25.mp3
26,179,26,./audio_chunks/audio_179_chunk_26.mp3
27,179,27,./audio_chunks/audio_179_chunk_27.mp3
28,179,28,./audio_chunks/audio_179_chunk_28.mp3
29,179,29,./audio_chunks/audio_179_chunk_29.mp3
30,179,30,./audio_chunks/audio_179_chunk_30.mp3
31,179,31,./audio_chunks/audio_179_chunk_31.mp3
32,179,32,./audio_chunks/audio_179_chunk_32.mp3
33,179,33,./audio_chunks/audio_179_chunk_33.mp3
34,179,34,./audio_chunks/audio_179_chunk_34.mp3
35,179,35,./audio_chunks/audio_179_chunk_35.mp3
36,179,36,./audio_chunks/audio_179_chunk_36.mp3
37,179,37,./audio_chunks/audio_179_chunk_37.mp3
38,179,38,./audio_chunks/audio_179_chunk_38.mp3
39,179,39,./audio_chunks/audio_179_chunk_39.mp3
40,179,40,./audio_chunks/audio_179_chunk_40.mp3
41,179,41,./audio_chunks/audio_179_chunk_41.mp3
42,179,42,./audio_chunks/audio_179_chunk_42.mp3
43,179,43,./audio_chunks/audio_179_chunk_43.mp3
44,179,44,./audio_chunks/audio_179_chunk_44.mp3
45,179,45,./audio_chunks/audio_179_chunk_45.mp3
46,179,46,./audio_chunks/audio_179_chunk_46.mp3
47,179,47,./audio_chunks/audio_179_chunk_47.mp3
48,168,48,./audio_chunks/audio_168_chunk_48.mp3
49,168,49,./audio_chunks/audio_168_chunk_49.mp3
50,168,50,./audio_chunks/audio_168_chunk_50.mp3
51,168,51,./audio_chunks/audio_168_chunk_51.mp3
52,168,52,./audio_chunks/audio_168_chunk_52.mp3
53,43,53,./audio_chunks/audio_43_chunk_53.mp3
54,43,54,./audio_chunks/audio_43_chunk_54.mp3
55,43,55,./audio_chunks/audio_43_chunk_55.mp3
56,43,56,./audio_chunks/audio_43_chunk_56.mp3
57,43,57,./audio_chunks/audio_43_chunk_57.mp3
58,43,58,./audio_chunks/audio_43_chunk_58.mp3
59,43,59,./audio_chunks/audio_43_chunk_59.mp3
60,43,60,./audio_chunks/audio_43_chunk_60.mp3
61,43,61,./audio_chunks/audio_43_chunk_61.mp3
62,43,62,./audio_chunks/audio_43_chunk_62.mp3
63,43,63,./audio_chunks/audio_43_chunk_63.mp3
64,43,64,./audio_chunks/audio_43_chunk_64.mp3
65,43,65,./audio_chunks/audio_43_chunk_65.mp3
66,43,66,./audio_chunks/audio_43_chunk_66.mp3
67,43,67,./audio_chunks/audio_43_chunk_67.mp3
68,43,68,./audio_chunks/audio_43_chunk_68.mp3
69,43,69,./audio_chunks/audio_43_chunk_69.mp3
70,43,70,./audio_chunks/audio_43_chunk_70.mp3
71,43,71,./audio_chunks/audio_43_chunk_71.mp3
72,43,72,./audio_chunks/audio_43_chunk_72.mp3
73,43,73,./audio_chunks/audio_43_chunk_73.mp3
74,176,74,./audio_chunks/audio_176_chunk_74.mp3
75,176,75,./audio_chunks/audio_176_chunk_75.mp3
76,176,76,./audio_chunks/audio_176_chunk_76.mp3
77,176,77,./audio_chunks/audio_176_chunk_77.mp3
78,176,78,./audio_chunks/audio_176_chunk_78.mp3
79,176,79,./audio_chunks/audio_176_chunk_79.mp3
80,176,80,./audio_chunks/audio_176_chunk_80.mp3
81,176,81,./audio_chunks/audio_176_chunk_81.mp3
82,176,82,./audio_chunks/audio_176_chunk_82.mp3
83,176,83,./audio_chunks/audio_176_chunk_83.mp3
84,176,84,./audio_chunks/audio_176_chunk_84.mp3
85,176,85,./audio_chunks/audio_176_chunk_85.mp3
86,176,86,./audio_chunks/audio_176_chunk_86.mp3
87,176,87,./audio_chunks/audio_176_chunk_87.mp3
88,176,88,./audio_chunks/audio_176_chunk_88.mp3
89,176,89,./audio_chunks/audio_176_chunk_89.mp3
90,176,90,./audio_chunks/audio_176_chunk_90.mp3
91,176,91,./audio_chunks/audio_176_chunk_91.mp3
92,176,92,./audio_chunks/audio_176_chunk_92.mp3
93,176,93,./audio_chunks/audio_176_chunk_93.mp3
94,176,94,./audio_chunks/audio_176_chunk_94.mp3
95,176,95,./audio_chunks/audio_176_chunk_95.mp3
96,176,96,./audio_chunks/audio_176_chunk_96.mp3
97,176,97,./audio_chunks/audio_176_chunk_97.mp3
98,176,98,./audio_chunks/audio_176_chunk_98.mp3
99,176,99,./audio_chunks/audio_176_chunk_99.mp3
100,176,100,./audio_chunks/audio_176_chunk_100.mp3
101,176,101,./audio_chunks/audio_176_chunk_101.mp3
102,176,102,./audio_chunks/audio_176_chunk_102.mp3
103,176,103,./audio_chunks/audio_176_chunk_103.mp3
104,176,104,./audio_chunks/audio_176_chunk_104.mp3
105,176,105,./audio_chunks/audio_176_chunk_105.mp3
106,176,106,./audio_chunks/audio_176_chunk_106.mp3
107,176,107,./audio_chunks/audio_176_chunk_107.mp3
108,176,108,./audio_chunks/audio_176_chunk_108.mp3
109,176,109,./audio_chunks/audio_176_chunk_109.mp3
110,176,110,./audio_chunks/audio_176_chunk_110.mp3
111,176,111,./audio_chunks/audio_176_chunk_111.mp3
112,176,112,./audio_chunks/audio_176_chunk_112.mp3
113,176,113,./audio_chunks/audio_176_chunk_113.mp3
114,176,114,./audio_chunks/audio_176_chunk_114.mp3
115,176,115,./audio_chunks/audio_176_chunk_115.mp3
116,284,116,./audio_chunks/audio_284_chunk_116.mp3
117,284,117,./audio_chunks/audio_284_chunk_117.mp3
118,284,118,./audio_chunks/audio_284_chunk_118.mp3
119,284,119,./audio_chunks/audio_284_chunk_119.mp3
120,284,120,./audio_chunks/audio_284_chunk_120.mp3
121,284,121,./audio_chunks/audio_284_chunk_121.mp3
122,284,122,./audio_chunks/audio_284_chunk_122.mp3
123,284,123,./audio_chunks/audio_284_chunk_123.mp3
124,284,124,./audio_chunks/audio_284_chunk_124.mp3
125,284,125,./audio_chunks/audio_284_chunk_125.mp3
126,284,126,./audio_chunks/audio_284_chunk_126.mp3
127,284,127,./audio_chunks/audio_284_chunk_127.mp3
128,284,128,./audio_chunks/audio_284_chunk_128.mp3
129,284,129,./audio_chunks/audio_284_chunk_129.mp3
130,284,130,./audio_chunks/audio_284_chunk_130.mp3
131,284,131,./audio_chunks/audio_284_chunk_131.mp3
132,284,132,./audio_chunks/audio_284_chunk_132.mp3
133,107,133,./audio_chunks/audio_107_chunk_133.mp3
134,2,134,./audio_chunks/audio_2_chunk_134.mp3
135,2,135,./audio_chunks/audio_2_chunk_135.mp3
136,2,136,./audio_chunks/audio_2_chunk_136.mp3
137,2,137,./audio_chunks/audio_2_chunk_137.mp3
138,2,138,./audio_chunks/audio_2_chunk_138.mp3
139,2,139,./audio_chunks/audio_2_chunk_139.mp3
140,148,140,./audio_chunks/audio_148_chunk_140.mp3
141,148,141,./audio_chunks/audio_148_chunk_141.mp3
142,171,142,./audio_chunks/audio_171_chunk_142.mp3
143,171,143,./audio_chunks/audio_171_chunk_143.mp3
144,171,144,./audio_chunks/audio_171_chunk_144.mp3
145,171,145,./audio_chunks/audio_171_chunk_145.mp3
146,171,146,./audio_chunks/audio_171_chunk_146.mp3
147,171,147,./audio_chunks/audio_171_chunk_147.mp3
148,171,148,./audio_chunks/audio_171_chunk_148.mp3
149,171,149,./audio_chunks/audio_171_chunk_149.mp3
150,171,150,./audio_chunks/audio_171_chunk_150.mp3
151,171,151,./audio_chunks/audio_171_chunk_151.mp3
152,171,152,./audio_chunks/audio_171_chunk_152.mp3
153,171,153,./audio_chunks/audio_171_chunk_153.mp3
154,171,154,./audio_chunks/audio_171_chunk_154.mp3
155,171,155,./audio_chunks/audio_171_chunk_155.mp3
156,171,156,./audio_chunks/audio_171_chunk_156.mp3
157,171,157,./audio_chunks/audio_171_chunk_157.mp3
158,171,158,./audio_chunks/audio_171_chunk_158.mp3
159,171,159,./audio_chunks/audio_171_chunk_159.mp3
160,171,160,./audio_chunks/audio_171_chunk_160.mp3
161,230,161,./audio_chunks/audio_230_chunk_161.mp3
162,230,162,./audio_chunks/audio_230_chunk_162.mp3
163,230,163,./audio_chunks/audio_230_chunk_163.mp3
164,230,164,./audio_chunks/audio_230_chunk_164.mp3
165,230,165,./audio_chunks/audio_230_chunk_165.mp3
166,230,166,./audio_chunks/audio_230_chunk_166.mp3
167,230,167,./audio_chunks/audio_230_chunk_167.mp3
168,230,168,./audio_chunks/audio_230_chunk_168.mp3
169,230,169,./audio_chunks/audio_230_chunk_169.mp3
170,230,170,./audio_chunks/audio_230_chunk_170.mp3
171,230,171,./audio_chunks/audio_230_chunk_171.mp3
172,41,172,./audio_chunks/audio_41_chunk_172.mp3
173,41,173,./audio_chunks/audio_41_chunk_173.mp3
174,41,174,./audio_chunks/audio_41_chunk_174.mp3
175,41,175,./audio_chunks/audio_41_chunk_175.mp3
176,41,176,./audio_chunks/audio_41_chunk_176.mp3
177,282,177,./audio_chunks/audio_282_chunk_177.mp3
178,282,178,./audio_chunks/audio_282_chunk_178.mp3
179,282,179,./audio_chunks/audio_282_chunk_179.mp3
180,282,180,./audio_chunks/audio_282_chunk_180.mp3
181,282,181,./audio_chunks/audio_282_chunk_181.mp3
182,282,182,./audio_chunks/audio_282_chunk_182.mp3
183,282,183,./audio_chunks/audio_282_chunk_183.mp3
184,282,184,./audio_chunks/audio_282_chunk_184.mp3
185,282,185,./audio_chunks/audio_282_chunk_185.mp3
186,282,186,./audio_chunks/audio_282_chunk_186.mp3
187,282,187,./audio_chunks/audio_282_chunk_187.mp3
188,282,188,./audio_chunks/audio_282_chunk_188.mp3
189,282,189,./audio_chunks/audio_282_chunk_189.mp3
190,282,190,./audio_chunks/audio_282_chunk_190.mp3
191,282,191,./audio_chunks/audio_282_chunk_191.mp3
192,282,192,./audio_chunks/audio_282_chunk_192.mp3
193,282,193,./audio_chunks/audio_282_chunk_193.mp3
194,282,194,./audio_chunks/audio_282_chunk_194.mp3
195,282,195,./audio_chunks/audio_282_chunk_195.mp3
196,282,196,./audio_chunks/audio_282_chunk_196.mp3
197,282,197,./audio_chunks/audio_282_chunk_197.mp3
198,282,198,./audio_chunks/audio_282_chunk_198.mp3
199,282,199,./audio_chunks/audio_282_chunk_199.mp3
200,282,200,./audio_chunks/audio_282_chunk_200.mp3
201,282,201,./audio_chunks/audio_282_chunk_201.mp3
202,282,202,./audio_chunks/audio_282_chunk_202.mp3
203,282,203,./audio_chunks/audio_282_chunk_203.mp3
204,282,204,./audio_chunks/audio_282_chunk_204.mp3
205,282,205,./audio_chunks/audio_282_chunk_205.mp3
206,282,206,./audio_chunks/audio_282_chunk_206.mp3
207,282,207,./audio_chunks/audio_282_chunk_207.mp3
208,282,208,./audio_chunks/audio_282_chunk_208.mp3
209,282,209,./audio_chunks/audio_282_chunk_209.mp3
210,282,210,./audio_chunks/audio_282_chunk_210.mp3
211,282,211,./audio_chunks/audio_282_chunk_211.mp3
212,282,212,./audio_chunks/audio_282_chunk_212.mp3
213,282,213,./audio_chunks/audio_282_chunk_213.mp3
214,229,214,./audio_chunks/audio_229_chunk_214.mp3
215,229,215,./audio_chunks/audio_229_chunk_215.mp3
216,229,216,./audio_chunks/audio_229_chunk_216.mp3
217,229,217,./audio_chunks/audio_229_chunk_217.mp3
218,229,218,./audio_chunks/audio_229_chunk_218.mp3
219,229,219,./audio_chunks/audio_229_chunk_219.mp3
220,229,220,./audio_chunks/audio_229_chunk_220.mp3
221,229,221,./audio_chunks/audio_229_chunk_221.mp3
222,229,222,./audio_chunks/audio_229_chunk_222.mp3
223,229,223,./audio_chunks/audio_229_chunk_223.mp3
224,229,224,./audio_chunks/audio_229_chunk_224.mp3
225,229,225,./audio_chunks/audio_229_chunk_225.mp3
226,229,226,./audio_chunks/audio_229_chunk_226.mp3
227,229,227,./audio_chunks/audio_229_chunk_227.mp3
228,229,228,./audio_chunks/audio_229_chunk_228.mp3
229,229,229,./audio_chunks/audio_229_chunk_229.mp3
230,229,230,./audio_chunks/audio_229_chunk_230.mp3
231,303,231,./audio_chunks/audio_303_chunk_231.mp3
232,303,232,./audio_chunks/audio_303_chunk_232.mp3
233,303,233,./audio_chunks/audio_303_chunk_233.mp3
234,303,234,./audio_chunks/audio_303_chunk_234.mp3
235,303,235,./audio_chunks/audio_303_chunk_235.mp3
236,303,236,./audio_chunks/audio_303_chunk_236.mp3
237,303,237,./audio_chunks/audio_303_chunk_237.mp3
238,303,238,./audio_chunks/audio_303_chunk_238.mp3
239,303,239,./audio_chunks/audio_303_chunk_239.mp3
240,303,240,./audio_chunks/audio_303_chunk_240.mp3
241,303,241,./audio_chunks/audio_303_chunk_241.mp3
242,303,242,./audio_chunks/audio_303_chunk_242.mp3
243,303,243,./audio_chunks/audio_303_chunk_243.mp3
244,303,244,./audio_chunks/audio_303_chunk_244.mp3
245,303,245,./audio_chunks/audio_303_chunk_245.mp3
246,303,246,./audio_chunks/audio_303_chunk_246.mp3
247,303,247,./audio_chunks/audio_303_chunk_247.mp3
248,173,248,./audio_chunks/audio_173_chunk_248.mp3
249,173,249,./audio_chunks/audio_173_chunk_249.mp3
250,173,250,./audio_chunks/audio_173_chunk_250.mp3
251,173,251,./audio_chunks/audio_173_chunk_251.mp3
252,173,252,./audio_chunks/audio_173_chunk_252.mp3
253,173,253,./audio_chunks/audio_173_chunk_253.mp3
254,173,254,./audio_chunks/audio_173_chunk_254.mp3
255,173,255,./audio_chunks/audio_173_chunk_255.mp3
256,173,256,./audio_chunks/audio_173_chunk_256.mp3
257,173,257,./audio_chunks/audio_173_chunk_257.mp3
258,173,258,./audio_chunks/audio_173_chunk_258.mp3
259,173,259,./audio_chunks/audio_173_chunk_259.mp3
260,173,260,./audio_chunks/audio_173_chunk_260.mp3
261,173,261,./audio_chunks/audio_173_chunk_261.mp3
262,173,262,./audio_chunks/audio_173_chunk_262.mp3
263,173,263,./audio_chunks/audio_173_chunk_263.mp3
264,99,264,./audio_chunks/audio_99_chunk_264.mp3
265,99,265,./audio_chunks/audio_99_chunk_265.mp3
266,99,266,./audio_chunks/audio_99_chunk_266.mp3
267,99,267,./audio_chunks/audio_99_chunk_267.mp3
268,99,268,./audio_chunks/audio_99_chunk_268.mp3
269,298,269,./audio_chunks/audio_298_chunk_269.mp3
270,298,270,./audio_chunks/audio_298_chunk_270.mp3
271,298,271,./audio_chunks/audio_298_chunk_271.mp3
272,298,272,./audio_chunks/audio_298_chunk_272.mp3
273,298,273,./audio_chunks/audio_298_chunk_273.mp3
274,298,274,./audio_chunks/audio_298_chunk_274.mp3
275,298,275,./audio_chunks/audio_298_chunk_275.mp3
276,298,276,./audio_chunks/audio_298_chunk_276.mp3
277,298,277,./audio_chunks/audio_298_chunk_277.mp3
278,298,278,./audio_chunks/audio_298_chunk_278.mp3
279,298,279,./audio_chunks/audio_298_chunk_279.mp3
280,298,280,./audio_chunks/audio_298_chunk_280.mp3
281,298,281,./audio_chunks/audio_298_chunk_281.mp3
282,298,282,./audio_chunks/audio_298_chunk_282.mp3
283,298,283,./audio_chunks/audio_298_chunk_283.mp3
284,298,284,./audio_chunks/audio_298_chunk_284.mp3
285,298,285,./audio_chunks/audio_298_chunk_285.mp3
286,298,286,./audio_chunks/audio_298_chunk_286.mp3
287,298,287,./audio_chunks/audio_298_chunk_287.mp3
288,298,288,./audio_chunks/audio_298_chunk_288.mp3
289,298,289,./audio_chunks/audio_298_chunk_289.mp3
290,298,290,./audio_chunks/audio_298_chunk_290.mp3
291,298,291,./audio_chunks/audio_298_chunk_291.mp3
292,298,292,./audio_chunks/audio_298_chunk_292.mp3
293,298,293,./audio_chunks/audio_298_chunk_293.mp3
294,298,294,./audio_chunks/audio_298_chunk_294.mp3
295,298,295,./audio_chunks/audio_298_chunk_295.mp3
296,298,296,./audio_chunks/audio_298_chunk_296.mp3
297,298,297,./audio_chunks/audio_298_chunk_297.mp3
298,298,298,./audio_chunks/audio_298_chunk_298.mp3
299,298,299,./audio_chunks/audio_298_chunk_299.mp3
300,298,300,./audio_chunks/audio_298_chunk_300.mp3
301,298,301,./audio_chunks/audio_298_chunk_301.mp3
302,298,302,./audio_chunks/audio_298_chunk_302.mp3
303,298,303,./audio_chunks/audio_298_chunk_303.mp3
304,298,304,./audio_chunks/audio_298_chunk_304.mp3
305,298,305,./audio_chunks/audio_298_chunk_305.mp3
306,298,306,./audio_chunks/audio_298_chunk_306.mp3
307,298,307,./audio_chunks/audio_298_chunk_307.mp3
308,298,308,./audio_chunks/audio_298_chunk_308.mp3
309,305,309,./audio_chunks/audio_305_chunk_309.mp3
310,305,310,./audio_chunks/audio_305_chunk_310.mp3
311,305,311,./audio_chunks/audio_305_chunk_311.mp3
312,305,312,./audio_chunks/audio_305_chunk_312.mp3
313,305,313,./audio_chunks/audio_305_chunk_313.mp3
314,305,314,./audio_chunks/audio_305_chunk_314.mp3
315,305,315,./audio_chunks/audio_305_chunk_315.mp3
316,305,316,./audio_chunks/audio_305_chunk_316.mp3
317,305,317,./audio_chunks/audio_305_chunk_317.mp3
318,305,318,./audio_chunks/audio_305_chunk_318.mp3
319,305,319,./audio_chunks/audio_305_chunk_319.mp3
320,305,320,./audio_chunks/audio_305_chunk_320.mp3
321,305,321,./audio_chunks/audio_305_chunk_321.mp3
322,305,322,./audio_chunks/audio_305_chunk_322.mp3
323,305,323,./audio_chunks/audio_305_chunk_323.mp3
324,305,324,./audio_chunks/audio_305_chunk_324.mp3
325,305,325,./audio_chunks/audio_305_chunk_325.mp3
326,305,326,./audio_chunks/audio_305_chunk_326.mp3
327,305,327,./audio_chunks/audio_305_chunk_327.mp3
328,305,328,./audio_chunks/audio_305_chunk_328.mp3
329,283,329,./audio_chunks/audio_283_chunk_329.mp3
330,283,330,./audio_chunks/audio_283_chunk_330.mp3
331,283,331,./audio_chunks/audio_283_chunk_331.mp3
332,283,332,./audio_chunks/audio_283_chunk_332.mp3
333,283,333,./audio_chunks/audio_283_chunk_333.mp3
334,283,334,./audio_chunks/audio_283_chunk_334.mp3
335,283,335,./audio_chunks/audio_283_chunk_335.mp3
336,283,336,./audio_chunks/audio_283_chunk_336.mp3
337,283,337,./audio_chunks/audio_283_chunk_337.mp3
338,283,338,./audio_chunks/audio_283_chunk_338.mp3
339,283,339,./audio_chunks/audio_283_chunk_339.mp3
340,283,340,./audio_chunks/audio_283_chunk_340.mp3
341,283,341,./audio_chunks/audio_283_chunk_341.mp3
342,283,342,./audio_chunks/audio_283_chunk_342.mp3
343,283,343,./audio_chunks/audio_283_chunk_343.mp3
344,283,344,./audio_chunks/audio_283_chunk_344.mp3
345,283,345,./audio_chunks/audio_283_chunk_345.mp3
346,283,346,./audio_chunks/audio_283_chunk_346.mp3
347,283,347,./audio_chunks/audio_283_chunk_347.mp3
348,283,348,./audio_chunks/audio_283_chunk_348.mp3
349,283,349,./audio_chunks/audio_283_chunk_349.mp3
350,278,350,./audio_chunks/audio_278_chunk_350.mp3
351,278,351,./audio_chunks/audio_278_chunk_351.mp3
352,278,352,./audio_chunks/audio_278_chunk_352.mp3
353,278,353,./audio_chunks/audio_278_chunk_353.mp3
354,278,354,./audio_chunks/audio_278_chunk_354.mp3
355,278,355,./audio_chunks/audio_278_chunk_355.mp3
356,278,356,./audio_chunks/audio_278_chunk_356.mp3
357,278,357,./audio_chunks/audio_278_chunk_357.mp3
358,278,358,./audio_chunks/audio_278_chunk_358.mp3
359,278,359,./audio_chunks/audio_278_chunk_359.mp3
360,278,360,./audio_chunks/audio_278_chunk_360.mp3
361,278,361,./audio_chunks/audio_278_chunk_361.mp3
362,278,362,./audio_chunks/audio_278_chunk_362.mp3
363,278,363,./audio_chunks/audio_278_chunk_363.mp3
364,278,364,./audio_chunks/audio_278_chunk_364.mp3
365,278,365,./audio_chunks/audio_278_chunk_365.mp3
366,278,366,./audio_chunks/audio_278_chunk_366.mp3
367,278,367,./audio_chunks/audio_278_chunk_367.mp3
368,278,368,./audio_chunks/audio_278_chunk_368.mp3
369,278,369,./audio_chunks/audio_278_chunk_369.mp3
370,278,370,./audio_chunks/audio_278_chunk_370.mp3
371,278,371,./audio_chunks/audio_278_chunk_371.mp3
372,278,372,./audio_chunks/audio_278_chunk_372.mp3
373,278,373,./audio_chunks/audio_278_chunk_373.mp3
374,278,374,./audio_chunks/audio_278_chunk_374.mp3
375,278,375,./audio_chunks/audio_278_chunk_375.mp3
376,278,376,./audio_chunks/audio_278_chunk_376.mp3
377,278,377,./audio_chunks/audio_278_chunk_377.mp3
378,278,378,./audio_chunks/audio_278_chunk_378.mp3
379,278,379,./audio_chunks/audio_278_chunk_379.mp3
380,278,380,./audio_chunks/audio_278_chunk_380.mp3
381,278,381,./audio_chunks/audio_278_chunk_381.mp3
382,278,382,./audio_chunks/audio_278_chunk_382.mp3
383,278,383,./audio_chunks/audio_278_chunk_383.mp3
384,278,384,./audio_chunks/audio_278_chunk_384.mp3
385,184,385,./audio_chunks/audio_184_chunk_385.mp3
386,184,386,./audio_chunks/audio_184_chunk_386.mp3
387,184,387,./audio_chunks/audio_184_chunk_387.mp3
388,184,388,./audio_chunks/audio_184_chunk_388.mp3
389,184,389,./audio_chunks/audio_184_chunk_389.mp3
390,184,390,./audio_chunks/audio_184_chunk_390.mp3
391,45,391,./audio_chunks/audio_45_chunk_391.mp3
392,45,392,./audio_chunks/audio_45_chunk_392.mp3
393,45,393,./audio_chunks/audio_45_chunk_393.mp3
394,45,394,./audio_chunks/audio_45_chunk_394.mp3
395,45,395,./audio_chunks/audio_45_chunk_395.mp3
396,45,396,./audio_chunks/audio_45_chunk_396.mp3
397,45,397,./audio_chunks/audio_45_chunk_397.mp3
398,45,398,./audio_chunks/audio_45_chunk_398.mp3
399,45,399,./audio_chunks/audio_45_chunk_399.mp3
400,45,400,./audio_chunks/audio_45_chunk_400.mp3
401,45,401,./audio_chunks/audio_45_chunk_401.mp3
402,45,402,./audio_chunks/audio_45_chunk_402.mp3
403,45,403,./audio_chunks/audio_45_chunk_403.mp3
404,45,404,./audio_chunks/audio_45_chunk_404.mp3
405,45,405,./audio_chunks/audio_45_chunk_405.mp3
406,45,406,./audio_chunks/audio_45_chunk_406.mp3
407,249,407,./audio_chunks/audio_249_chunk_407.mp3
408,249,408,./audio_chunks/audio_249_chunk_408.mp3
409,249,409,./audio_chunks/audio_249_chunk_409.mp3
410,249,410,./audio_chunks/audio_249_chunk_410.mp3
411,249,411,./audio_chunks/audio_249_chunk_411.mp3
412,249,412,./audio_chunks/audio_249_chunk_412.mp3
413,304,413,./audio_chunks/audio_304_chunk_413.mp3
414,304,414,./audio_chunks/audio_304_chunk_414.mp3
415,304,415,./audio_chunks/audio_304_chunk_415.mp3
416,304,416,./audio_chunks/audio_304_chunk_416.mp3
417,304,417,./audio_chunks/audio_304_chunk_417.mp3
418,304,418,./audio_chunks/audio_304_chunk_418.mp3
419,304,419,./audio_chunks/audio_304_chunk_419.mp3
420,304,420,./audio_chunks/audio_304_chunk_420.mp3
421,304,421,./audio_chunks/audio_304_chunk_421.mp3
422,304,422,./audio_chunks/audio_304_chunk_422.mp3
423,304,423,./audio_chunks/audio_304_chunk_423.mp3
424,304,424,./audio_chunks/audio_304_chunk_424.mp3
425,304,425,./audio_chunks/audio_304_chunk_425.mp3
426,291,426,./audio_chunks/audio_291_chunk_426.mp3
427,42,427,./audio_chunks/audio_42_chunk_427.mp3
428,42,428,./audio_chunks/audio_42_chunk_428.mp3
429,42,429,./audio_chunks/audio_42_chunk_429.mp3
430,42,430,./audio_chunks/audio_42_chunk_430.mp3
431,42,431,./audio_chunks/audio_42_chunk_431.mp3
432,42,432,./audio_chunks/audio_42_chunk_432.mp3
433,42,433,./audio_chunks/audio_42_chunk_433.mp3
434,42,434,./audio_chunks/audio_42_chunk_434.mp3
435,42,435,./audio_chunks/audio_42_chunk_435.mp3
436,42,436,./audio_chunks/audio_42_chunk_436.mp3
437,42,437,./audio_chunks/audio_42_chunk_437.mp3
438,42,438,./audio_chunks/audio_42_chunk_438.mp3
439,42,439,./audio_chunks/audio_42_chunk_439.mp3
440,42,440,./audio_chunks/audio_42_chunk_440.mp3
441,42,441,./audio_chunks/audio_42_chunk_441.mp3
442,42,442,./audio_chunks/audio_42_chunk_442.mp3
443,42,443,./audio_chunks/audio_42_chunk_443.mp3
444,42,444,./audio_chunks/audio_42_chunk_444.mp3
445,42,445,./audio_chunks/audio_42_chunk_445.mp3
446,42,446,./audio_chunks/audio_42_chunk_446.mp3
447,42,447,./audio_chunks/audio_42_chunk_447.mp3
448,42,448,./audio_chunks/audio_42_chunk_448.mp3
449,42,449,./audio_chunks/audio_42_chunk_449.mp3
450,42,450,./audio_chunks/audio_42_chunk_450.mp3
451,42,451,./audio_chunks/audio_42_chunk_451.mp3
452,42,452,./audio_chunks/audio_42_chunk_452.mp3
453,42,453,./audio_chunks/audio_42_chunk_453.mp3
454,42,454,./audio_chunks/audio_42_chunk_454.mp3
455,42,455,./audio_chunks/audio_42_chunk_455.mp3
456,42,456,./audio_chunks/audio_42_chunk_456.mp3
457,42,457,./audio_chunks/audio_42_chunk_457.mp3
458,42,458,./audio_chunks/audio_42_chunk_458.mp3
459,42,459,./audio_chunks/audio_42_chunk_459.mp3
460,42,460,./audio_chunks/audio_42_chunk_460.mp3
461,42,461,./audio_chunks/audio_42_chunk_461.mp3
462,42,462,./audio_chunks/audio_42_chunk_462.mp3
463,42,463,./audio_chunks/audio_42_chunk_463.mp3
464,42,464,./audio_chunks/audio_42_chunk_464.mp3
465,42,465,./audio_chunks/audio_42_chunk_465.mp3
466,42,466,./audio_chunks/audio_42_chunk_466.mp3
467,42,467,./audio_chunks/audio_42_chunk_467.mp3
468,159,468,./audio_chunks/audio_159_chunk_468.mp3
469,159,469,./audio_chunks/audio_159_chunk_469.mp3
470,159,470,./audio_chunks/audio_159_chunk_470.mp3
471,159,471,./audio_chunks/audio_159_chunk_471.mp3
472,159,472,./audio_chunks/audio_159_chunk_472.mp3
473,159,473,./audio_chunks/audio_159_chunk_473.mp3
474,159,474,./audio_chunks/audio_159_chunk_474.mp3
475,159,475,./audio_chunks/audio_159_chunk_475.mp3
476,159,476,./audio_chunks/audio_159_chunk_476.mp3
477,159,477,./audio_chunks/audio_159_chunk_477.mp3
478,159,478,./audio_chunks/audio_159_chunk_478.mp3
479,159,479,./audio_chunks/audio_159_chunk_479.mp3
480,159,480,./audio_chunks/audio_159_chunk_480.mp3
481,159,481,./audio_chunks/audio_159_chunk_481.mp3
482,159,482,./audio_chunks/audio_159_chunk_482.mp3
483,159,483,./audio_chunks/audio_159_chunk_483.mp3
484,159,484,./audio_chunks/audio_159_chunk_484.mp3
485,159,485,./audio_chunks/audio_159_chunk_485.mp3
486,159,486,./audio_chunks/audio_159_chunk_486.mp3
487,159,487,./audio_chunks/audio_159_chunk_487.mp3
488,159,488,./audio_chunks/audio_159_chunk_488.mp3
489,159,489,./audio_chunks/audio_159_chunk_489.mp3
490,159,490,./audio_chunks/audio_159_chunk_490.mp3
491,159,491,./audio_chunks/audio_159_chunk_491.mp3
492,159,492,./audio_chunks/audio_159_chunk_492.mp3
493,159,493,./audio_chunks/audio_159_chunk_493.mp3
494,159,494,./audio_chunks/audio_159_chunk_494.mp3
495,159,495,./audio_chunks/audio_159_chunk_495.mp3
496,159,496,./audio_chunks/audio_159_chunk_496.mp3
497,159,497,./audio_chunks/audio_159_chunk_497.mp3
498,159,498,./audio_chunks/audio_159_chunk_498.mp3
499,159,499,./audio_chunks/audio_159_chunk_499.mp3
500,159,500,./audio_chunks/audio_159_chunk_500.mp3
501,159,501,./audio_chunks/audio_159_chunk_501.mp3
502,159,502,./audio_chunks/audio_159_chunk_502.mp3
503,159,503,./audio_chunks/audio_159_chunk_503.mp3
504,159,504,./audio_chunks/audio_159_chunk_504.mp3
505,159,505,./audio_chunks/audio_159_chunk_505.mp3
506,159,506,./audio_chunks/audio_159_chunk_506.mp3
507,159,507,./audio_chunks/audio_159_chunk_507.mp3
508,159,508,./audio_chunks/audio_159_chunk_508.mp3
509,159,509,./audio_chunks/audio_159_chunk_509.mp3
510,159,510,./audio_chunks/audio_159_chunk_510.mp3
511,159,511,./audio_chunks/audio_159_chunk_511.mp3
512,159,512,./audio_chunks/audio_159_chunk_512.mp3
513,159,513,./audio_chunks/audio_159_chunk_513.mp3
514,159,514,./audio_chunks/audio_159_chunk_514.mp3
515,159,515,./audio_chunks/audio_159_chunk_515.mp3
516,159,516,./audio_chunks/audio_159_chunk_516.mp3
517,159,517,./audio_chunks/audio_159_chunk_517.mp3
518,159,518,./audio_chunks/audio_159_chunk_518.mp3
519,159,519,./audio_chunks/audio_159_chunk_519.mp3
520,159,520,./audio_chunks/audio_159_chunk_520.mp3
521,159,521,./audio_chunks/audio_159_chunk_521.mp3
522,159,522,./audio_chunks/audio_159_chunk_522.mp3
523,159,523,./audio_chunks/audio_159_chunk_523.mp3
524,159,524,./audio_chunks/audio_159_chunk_524.mp3
525,159,525,./audio_chunks/audio_159_chunk_525.mp3
526,159,526,./audio_chunks/audio_159_chunk_526.mp3
527,159,527,./audio_chunks/audio_159_chunk_527.mp3
528,159,528,./audio_chunks/audio_159_chunk_528.mp3
529,159,529,./audio_chunks/audio_159_chunk_529.mp3
530,159,530,./audio_chunks/audio_159_chunk_530.mp3
531,159,531,./audio_chunks/audio_159_chunk_531.mp3
532,159,532,./audio_chunks/audio_159_chunk_532.mp3
533,159,533,./audio_chunks/audio_159_chunk_533.mp3
534,159,534,./audio_chunks/audio_159_chunk_534.mp3
535,159,535,./audio_chunks/audio_159_chunk_535.mp3
536,159,536,./audio_chunks/audio_159_chunk_536.mp3
537,159,537,./audio_chunks/audio_159_chunk_537.mp3
538,159,538,./audio_chunks/audio_159_chunk_538.mp3
539,159,539,./audio_chunks/audio_159_chunk_539.mp3
540,159,540,./audio_chunks/audio_159_chunk_540.mp3
541,159,541,./audio_chunks/audio_159_chunk_541.mp3
542,159,542,./audio_chunks/audio_159_chunk_542.mp3
543,159,543,./audio_chunks/audio_159_chunk_543.mp3
544,159,544,./audio_chunks/audio_159_chunk_544.mp3
545,159,545,./audio_chunks/audio_159_chunk_545.mp3
546,159,546,./audio_chunks/audio_159_chunk_546.mp3
547,159,547,./audio_chunks/audio_159_chunk_547.mp3
548,159,548,./audio_chunks/audio_159_chunk_548.mp3
549,159,549,./audio_chunks/audio_159_chunk_549.mp3
550,159,550,./audio_chunks/audio_159_chunk_550.mp3
551,159,551,./audio_chunks/audio_159_chunk_551.mp3
552,159,552,./audio_chunks/audio_159_chunk_552.mp3
553,159,553,./audio_chunks/audio_159_chunk_553.mp3
554,159,554,./audio_chunks/audio_159_chunk_554.mp3
555,159,555,./audio_chunks/audio_159_chunk_555.mp3
556,159,556,./audio_chunks/audio_159_chunk_556.mp3
557,159,557,./audio_chunks/audio_159_chunk_557.mp3
558,159,558,./audio_chunks/audio_159_chunk_558.mp3
559,159,559,./audio_chunks/audio_159_chunk_559.mp3
560,159,560,./audio_chunks/audio_159_chunk_560.mp3
561,159,561,./audio_chunks/audio_159_chunk_561.mp3
562,159,562,./audio_chunks/audio_159_chunk_562.mp3
563,159,563,./audio_chunks/audio_159_chunk_563.mp3
564,159,564,./audio_chunks/audio_159_chunk_564.mp3
565,159,565,./audio_chunks/audio_159_chunk_565.mp3
566,159,566,./audio_chunks/audio_159_chunk_566.mp3
567,159,567,./audio_chunks/audio_159_chunk_567.mp3
568,159,568,./audio_chunks/audio_159_chunk_568.mp3
569,159,569,./audio_chunks/audio_159_chunk_569.mp3
570,159,570,./audio_chunks/audio_159_chunk_570.mp3
571,159,571,./audio_chunks/audio_159_chunk_571.mp3
572,159,572,./audio_chunks/audio_159_chunk_572.mp3
573,159,573,./audio_chunks/audio_159_chunk_573.mp3
574,159,574,./audio_chunks/audio_159_chunk_574.mp3
575,159,575,./audio_chunks/audio_159_chunk_575.mp3
576,159,576,./audio_chunks/audio_159_chunk_576.mp3
577,159,577,./audio_chunks/audio_159_chunk_577.mp3
578,159,578,./audio_chunks/audio_159_chunk_578.mp3
579,159,579,./audio_chunks/audio_159_chunk_579.mp3
580,159,580,./audio_chunks/audio_159_chunk_580.mp3
581,159,581,./audio_chunks/audio_159_chunk_581.mp3
582,159,582,./audio_chunks/audio_159_chunk_582.mp3
583,159,583,./audio_chunks/audio_159_chunk_583.mp3
584,159,584,./audio_chunks/audio_159_chunk_584.mp3
585,159,585,./audio_chunks/audio_159_chunk_585.mp3
586,159,586,./audio_chunks/audio_159_chunk_586.mp3
587,159,587,./audio_chunks/audio_159_chunk_587.mp3
588,159,588,./audio_chunks/audio_159_chunk_588.mp3
589,159,589,./audio_chunks/audio_159_chunk_589.mp3
590,159,590,./audio_chunks/audio_159_chunk_590.mp3
591,159,591,./audio_chunks/audio_159_chunk_591.mp3
592,159,592,./audio_chunks/audio_159_chunk_592.mp3
593,159,593,./audio_chunks/audio_159_chunk_593.mp3
594,159,594,./audio_chunks/audio_159_chunk_594.mp3
595,159,595,./audio_chunks/audio_159_chunk_595.mp3
596,159,596,./audio_chunks/audio_159_chunk_596.mp3
597,159,597,./audio_chunks/audio_159_chunk_597.mp3
598,159,598,./audio_chunks/audio_159_chunk_598.mp3
599,159,599,./audio_chunks/audio_159_chunk_599.mp3
600,159,600,./audio_chunks/audio_159_chunk_600.mp3
601,159,601,./audio_chunks/audio_159_chunk_601.mp3
602,159,602,./audio_chunks/audio_159_chunk_602.mp3
603,159,603,./audio_chunks/audio_159_chunk_603.mp3
604,159,604,./audio_chunks/audio_159_chunk_604.mp3
605,159,605,./audio_chunks/audio_159_chunk_605.mp3
606,159,606,./audio_chunks/audio_159_chunk_606.mp3
607,159,607,./audio_chunks/audio_159_chunk_607.mp3
608,159,608,./audio_chunks/audio_159_chunk_608.mp3
609,159,609,./audio_chunks/audio_159_chunk_609.mp3
610,159,610,./audio_chunks/audio_159_chunk_610.mp3
611,23,611,./audio_chunks/audio_23_chunk_611.mp3
612,23,612,./audio_chunks/audio_23_chunk_612.mp3
613,174,613,./audio_chunks/audio_174_chunk_613.mp3
614,174,614,./audio_chunks/audio_174_chunk_614.mp3
615,174,615,./audio_chunks/audio_174_chunk_615.mp3
616,174,616,./audio_chunks/audio_174_chunk_616.mp3
617,174,617,./audio_chunks/audio_174_chunk_617.mp3
618,174,618,./audio_chunks/audio_174_chunk_618.mp3
619,174,619,./audio_chunks/audio_174_chunk_619.mp3
620,174,620,./audio_chunks/audio_174_chunk_620.mp3
621,174,621,./audio_chunks/audio_174_chunk_621.mp3
622,174,622,./audio_chunks/audio_174_chunk_622.mp3
623,174,623,./audio_chunks/audio_174_chunk_623.mp3
624,174,624,./audio_chunks/audio_174_chunk_624.mp3
625,174,625,./audio_chunks/audio_174_chunk_625.mp3
626,174,626,./audio_chunks/audio_174_chunk_626.mp3
627,174,627,./audio_chunks/audio_174_chunk_627.mp3
628,174,628,./audio_chunks/audio_174_chunk_628.mp3
629,174,629,./audio_chunks/audio_174_chunk_629.mp3
630,174,630,./audio_chunks/audio_174_chunk_630.mp3
631,174,631,./audio_chunks/audio_174_chunk_631.mp3
632,174,632,./audio_chunks/audio_174_chunk_632.mp3
633,174,633,./audio_chunks/audio_174_chunk_633.mp3
634,174,634,./audio_chunks/audio_174_chunk_634.mp3
635,191,635,./audio_chunks/audio_191_chunk_635.mp3
636,191,636,./audio_chunks/audio_191_chunk_636.mp3
637,191,637,./audio_chunks/audio_191_chunk_637.mp3
638,191,638,./audio_chunks/audio_191_chunk_638.mp3
639,191,639,./audio_chunks/audio_191_chunk_639.mp3
640,191,640,./audio_chunks/audio_191_chunk_640.mp3
641,191,641,./audio_chunks/audio_191_chunk_641.mp3
642,191,642,./audio_chunks/audio_191_chunk_642.mp3
643,191,643,./audio_chunks/audio_191_chunk_643.mp3
644,191,644,./audio_chunks/audio_191_chunk_644.mp3
645,175,645,./audio_chunks/audio_175_chunk_645.mp3
646,175,646,./audio_chunks/audio_175_chunk_646.mp3
647,175,647,./audio_chunks/audio_175_chunk_647.mp3
648,175,648,./audio_chunks/audio_175_chunk_648.mp3
649,175,649,./audio_chunks/audio_175_chunk_649.mp3
650,175,650,./audio_chunks/audio_175_chunk_650.mp3
651,175,651,./audio_chunks/audio_175_chunk_651.mp3
652,175,652,./audio_chunks/audio_175_chunk_652.mp3
653,175,653,./audio_chunks/audio_175_chunk_653.mp3
654,175,654,./audio_chunks/audio_175_chunk_654.mp3
655,175,655,./audio_chunks/audio_175_chunk_655.mp3
656,175,656,./audio_chunks/audio_175_chunk_656.mp3
657,175,657,./audio_chunks/audio_175_chunk_657.mp3
658,175,658,./audio_chunks/audio_175_chunk_658.mp3
659,175,659,./audio_chunks/audio_175_chunk_659.mp3
660,175,660,./audio_chunks/audio_175_chunk_660.mp3
661,175,661,./audio_chunks/audio_175_chunk_661.mp3
662,175,662,./audio_chunks/audio_175_chunk_662.mp3
663,175,663,./audio_chunks/audio_175_chunk_663.mp3
664,175,664,./audio_chunks/audio_175_chunk_664.mp3
665,175,665,./audio_chunks/audio_175_chunk_665.mp3
666,175,666,./audio_chunks/audio_175_chunk_666.mp3
667,175,667,./audio_chunks/audio_175_chunk_667.mp3
668,175,668,./audio_chunks/audio_175_chunk_668.mp3
669,175,669,./audio_chunks/audio_175_chunk_669.mp3
670,156,670,./audio_chunks/audio_156_chunk_670.mp3
671,156,671,./audio_chunks/audio_156_chunk_671.mp3
672,156,672,./audio_chunks/audio_156_chunk_672.mp3
673,156,673,./audio_chunks/audio_156_chunk_673.mp3
674,156,674,./audio_chunks/audio_156_chunk_674.mp3
675,156,675,./audio_chunks/audio_156_chunk_675.mp3
676,156,676,./audio_chunks/audio_156_chunk_676.mp3
677,156,677,./audio_chunks/audio_156_chunk_677.mp3
678,156,678,./audio_chunks/audio_156_chunk_678.mp3
679,156,679,./audio_chunks/audio_156_chunk_679.mp3
680,156,680,./audio_chunks/audio_156_chunk_680.mp3
681,156,681,./audio_chunks/audio_156_chunk_681.mp3
682,156,682,./audio_chunks/audio_156_chunk_682.mp3
683,156,683,./audio_chunks/audio_156_chunk_683.mp3
684,156,684,./audio_chunks/audio_156_chunk_684.mp3
685,156,685,./audio_chunks/audio_156_chunk_685.mp3
686,156,686,./audio_chunks/audio_156_chunk_686.mp3
687,156,687,./audio_chunks/audio_156_chunk_687.mp3
688,156,688,./audio_chunks/audio_156_chunk_688.mp3
689,156,689,./audio_chunks/audio_156_chunk_689.mp3
690,156,690,./audio_chunks/audio_156_chunk_690.mp3
691,156,691,./audio_chunks/audio_156_chunk_691.mp3
692,156,692,./audio_chunks/audio_156_chunk_692.mp3
693,156,693,./audio_chunks/audio_156_chunk_693.mp3
694,156,694,./audio_chunks/audio_156_chunk_694.mp3
695,156,695,./audio_chunks/audio_156_chunk_695.mp3
696,156,696,./audio_chunks/audio_156_chunk_696.mp3
697,156,697,./audio_chunks/audio_156_chunk_697.mp3
698,156,698,./audio_chunks/audio_156_chunk_698.mp3
699,156,699,./audio_chunks/audio_156_chunk_699.mp3
700,156,700,./audio_chunks/audio_156_chunk_700.mp3
701,156,701,./audio_chunks/audio_156_chunk_701.mp3
702,156,702,./audio_chunks/audio_156_chunk_702.mp3
703,156,703,./audio_chunks/audio_156_chunk_703.mp3
704,156,704,./audio_chunks/audio_156_chunk_704.mp3
705,156,705,./audio_chunks/audio_156_chunk_705.mp3
706,35,706,./audio_chunks/audio_35_chunk_706.mp3
707,35,707,./audio_chunks/audio_35_chunk_707.mp3
708,35,708,./audio_chunks/audio_35_chunk_708.mp3
709,35,709,./audio_chunks/audio_35_chunk_709.mp3
710,35,710,./audio_chunks/audio_35_chunk_710.mp3
711,35,711,./audio_chunks/audio_35_chunk_711.mp3
712,35,712,./audio_chunks/audio_35_chunk_712.mp3
713,35,713,./audio_chunks/audio_35_chunk_713.mp3
714,35,714,./audio_chunks/audio_35_chunk_714.mp3
715,35,715,./audio_chunks/audio_35_chunk_715.mp3
716,35,716,./audio_chunks/audio_35_chunk_716.mp3
717,35,717,./audio_chunks/audio_35_chunk_717.mp3
718,35,718,./audio_chunks/audio_35_chunk_718.mp3
719,35,719,./audio_chunks/audio_35_chunk_719.mp3
720,35,720,./audio_chunks/audio_35_chunk_720.mp3
721,35,721,./audio_chunks/audio_35_chunk_721.mp3
722,35,722,./audio_chunks/audio_35_chunk_722.mp3
723,63,723,./audio_chunks/audio_63_chunk_723.mp3
724,280,724,./audio_chunks/audio_280_chunk_724.mp3
725,280,725,./audio_chunks/audio_280_chunk_725.mp3
726,280,726,./audio_chunks/audio_280_chunk_726.mp3
727,280,727,./audio_chunks/audio_280_chunk_727.mp3
728,280,728,./audio_chunks/audio_280_chunk_728.mp3
729,280,729,./audio_chunks/audio_280_chunk_729.mp3
730,280,730,./audio_chunks/audio_280_chunk_730.mp3
731,280,731,./audio_chunks/audio_280_chunk_731.mp3
732,280,732,./audio_chunks/audio_280_chunk_732.mp3
733,280,733,./audio_chunks/audio_280_chunk_733.mp3
734,280,734,./audio_chunks/audio_280_chunk_734.mp3
735,280,735,./audio_chunks/audio_280_chunk_735.mp3
736,280,736,./audio_chunks/audio_280_chunk_736.mp3
737,280,737,./audio_chunks/audio_280_chunk_737.mp3
738,280,738,./audio_chunks/audio_280_chunk_738.mp3
739,280,739,./audio_chunks/audio_280_chunk_739.mp3
740,280,740,./audio_chunks/audio_280_chunk_740.mp3
741,280,741,./audio_chunks/audio_280_chunk_741.mp3
742,280,742,./audio_chunks/audio_280_chunk_742.mp3
743,280,743,./audio_chunks/audio_280_chunk_743.mp3
744,280,744,./audio_chunks/audio_280_chunk_744.mp3
745,280,745,./audio_chunks/audio_280_chunk_745.mp3
746,280,746,./audio_chunks/audio_280_chunk_746.mp3
747,280,747,./audio_chunks/audio_280_chunk_747.mp3
748,89,748,./audio_chunks/audio_89_chunk_748.mp3
749,89,749,./audio_chunks/audio_89_chunk_749.mp3
750,89,750,./audio_chunks/audio_89_chunk_750.mp3
751,89,751,./audio_chunks/audio_89_chunk_751.mp3
752,89,752,./audio_chunks/audio_89_chunk_752.mp3
753,89,753,./audio_chunks/audio_89_chunk_753.mp3
754,89,754,./audio_chunks/audio_89_chunk_754.mp3
755,89,755,./audio_chunks/audio_89_chunk_755.mp3
756,89,756,./audio_chunks/audio_89_chunk_756.mp3
757,89,757,./audio_chunks/audio_89_chunk_757.mp3
758,89,758,./audio_chunks/audio_89_chunk_758.mp3
759,89,759,./audio_chunks/audio_89_chunk_759.mp3
760,89,760,./audio_chunks/audio_89_chunk_760.mp3
761,89,761,./audio_chunks/audio_89_chunk_761.mp3
762,89,762,./audio_chunks/audio_89_chunk_762.mp3
763,89,763,./audio_chunks/audio_89_chunk_763.mp3
764,89,764,./audio_chunks/audio_89_chunk_764.mp3
765,89,765,./audio_chunks/audio_89_chunk_765.mp3
766,89,766,./audio_chunks/audio_89_chunk_766.mp3
767,89,767,./audio_chunks/audio_89_chunk_767.mp3
768,89,768,./audio_chunks/audio_89_chunk_768.mp3
769,89,769,./audio_chunks/audio_89_chunk_769.mp3
770,89,770,./audio_chunks/audio_89_chunk_770.mp3
771,89,771,./audio_chunks/audio_89_chunk_771.mp3
772,89,772,./audio_chunks/audio_89_chunk_772.mp3
773,89,773,./audio_chunks/audio_89_chunk_773.mp3
774,89,774,./audio_chunks/audio_89_chunk_774.mp3
775,89,775,./audio_chunks/audio_89_chunk_775.mp3
776,89,776,./audio_chunks/audio_89_chunk_776.mp3
777,89,777,./audio_chunks/audio_89_chunk_777.mp3
778,89,778,./audio_chunks/audio_89_chunk_778.mp3
779,89,779,./audio_chunks/audio_89_chunk_779.mp3
780,89,780,./audio_chunks/audio_89_chunk_780.mp3
781,89,781,./audio_chunks/audio_89_chunk_781.mp3
782,89,782,./audio_chunks/audio_89_chunk_782.mp3
783,89,783,./audio_chunks/audio_89_chunk_783.mp3
784,89,784,./audio_chunks/audio_89_chunk_784.mp3
785,89,785,./audio_chunks/audio_89_chunk_785.mp3
786,89,786,./audio_chunks/audio_89_chunk_786.mp3
787,89,787,./audio_chunks/audio_89_chunk_787.mp3
788,294,788,./audio_chunks/audio_294_chunk_788.mp3
789,294,789,./audio_chunks/audio_294_chunk_789.mp3
790,33,790,./audio_chunks/audio_33_chunk_790.mp3
791,33,791,./audio_chunks/audio_33_chunk_791.mp3
792,33,792,./audio_chunks/audio_33_chunk_792.mp3
793,33,793,./audio_chunks/audio_33_chunk_793.mp3
794,33,794,./audio_chunks/audio_33_chunk_794.mp3
795,33,795,./audio_chunks/audio_33_chunk_795.mp3
796,33,796,./audio_chunks/audio_33_chunk_796.mp3
797,33,797,./audio_chunks/audio_33_chunk_797.mp3
798,33,798,./audio_chunks/audio_33_chunk_798.mp3
799,33,799,./audio_chunks/audio_33_chunk_799.mp3
800,33,800,./audio_chunks/audio_33_chunk_800.mp3
801,33,801,./audio_chunks/audio_33_chunk_801.mp3
802,33,802,./audio_chunks/audio_33_chunk_802.mp3
803,33,803,./audio_chunks/audio_33_chunk_803.mp3
804,33,804,./audio_chunks/audio_33_chunk_804.mp3
805,33,805,./audio_chunks/audio_33_chunk_805.mp3
806,33,806,./audio_chunks/audio_33_chunk_806.mp3
807,33,807,./audio_chunks/audio_33_chunk_807.mp3
808,33,808,./audio_chunks/audio_33_chunk_808.mp3
809,33,809,./audio_chunks/audio_33_chunk_809.mp3
810,33,810,./audio_chunks/audio_33_chunk_810.mp3
811,33,811,./audio_chunks/audio_33_chunk_811.mp3
812,33,812,./audio_chunks/audio_33_chunk_812.mp3
813,33,813,./audio_chunks/audio_33_chunk_813.mp3
814,299,814,./audio_chunks/audio_299_chunk_814.mp3
815,299,815,./audio_chunks/audio_299_chunk_815.mp3
816,299,816,./audio_chunks/audio_299_chunk_816.mp3
817,299,817,./audio_chunks/audio_299_chunk_817.mp3
818,299,818,./audio_chunks/audio_299_chunk_818.mp3
819,299,819,./audio_chunks/audio_299_chunk_819.mp3
820,299,820,./audio_chunks/audio_299_chunk_820.mp3
821,299,821,./audio_chunks/audio_299_chunk_821.mp3
822,299,822,./audio_chunks/audio_299_chunk_822.mp3
823,299,823,./audio_chunks/audio_299_chunk_823.mp3
824,299,824,./audio_chunks/audio_299_chunk_824.mp3
825,36,825,./audio_chunks/audio_36_chunk_825.mp3
826,36,826,./audio_chunks/audio_36_chunk_826.mp3
827,36,827,./audio_chunks/audio_36_chunk_827.mp3
828,36,828,./audio_chunks/audio_36_chunk_828.mp3
829,36,829,./audio_chunks/audio_36_chunk_829.mp3
830,36,830,./audio_chunks/audio_36_chunk_830.mp3
831,36,831,./audio_chunks/audio_36_chunk_831.mp3
832,36,832,./audio_chunks/audio_36_chunk_832.mp3
833,36,833,./audio_chunks/audio_36_chunk_833.mp3
834,36,834,./audio_chunks/audio_36_chunk_834.mp3
835,36,835,./audio_chunks/audio_36_chunk_835.mp3
836,36,836,./audio_chunks/audio_36_chunk_836.mp3
837,36,837,./audio_chunks/audio_36_chunk_837.mp3
838,36,838,./audio_chunks/audio_36_chunk_838.mp3
839,211,839,./audio_chunks/audio_211_chunk_839.mp3
840,211,840,./audio_chunks/audio_211_chunk_840.mp3
841,211,841,./audio_chunks/audio_211_chunk_841.mp3
842,211,842,./audio_chunks/audio_211_chunk_842.mp3
843,211,843,./audio_chunks/audio_211_chunk_843.mp3
844,211,844,./audio_chunks/audio_211_chunk_844.mp3
845,211,845,./audio_chunks/audio_211_chunk_845.mp3
846,306,846,./audio_chunks/audio_306_chunk_846.mp3
847,306,847,./audio_chunks/audio_306_chunk_847.mp3
848,306,848,./audio_chunks/audio_306_chunk_848.mp3
849,306,849,./audio_chunks/audio_306_chunk_849.mp3
850,306,850,./audio_chunks/audio_306_chunk_850.mp3
851,306,851,./audio_chunks/audio_306_chunk_851.mp3
852,306,852,./audio_chunks/audio_306_chunk_852.mp3
853,223,853,./audio_chunks/audio_223_chunk_853.mp3
854,223,854,./audio_chunks/audio_223_chunk_854.mp3
855,223,855,./audio_chunks/audio_223_chunk_855.mp3
856,223,856,./audio_chunks/audio_223_chunk_856.mp3
857,223,857,./audio_chunks/audio_223_chunk_857.mp3
858,98,858,./audio_chunks/audio_98_chunk_858.mp3
859,98,859,./audio_chunks/audio_98_chunk_859.mp3
860,98,860,./audio_chunks/audio_98_chunk_860.mp3
861,98,861,./audio_chunks/audio_98_chunk_861.mp3
862,98,862,./audio_chunks/audio_98_chunk_862.mp3
863,98,863,./audio_chunks/audio_98_chunk_863.mp3
864,98,864,./audio_chunks/audio_98_chunk_864.mp3
865,98,865,./audio_chunks/audio_98_chunk_865.mp3
866,98,866,./audio_chunks/audio_98_chunk_866.mp3
867,98,867,./audio_chunks/audio_98_chunk_867.mp3
868,98,868,./audio_chunks/audio_98_chunk_868.mp3
869,98,869,./audio_chunks/audio_98_chunk_869.mp3
870,98,870,./audio_chunks/audio_98_chunk_870.mp3
871,215,871,./audio_chunks/audio_215_chunk_871.mp3
872,215,872,./audio_chunks/audio_215_chunk_872.mp3
873,215,873,./audio_chunks/audio_215_chunk_873.mp3
874,215,874,./audio_chunks/audio_215_chunk_874.mp3
875,215,875,./audio_chunks/audio_215_chunk_875.mp3
876,215,876,./audio_chunks/audio_215_chunk_876.mp3
877,215,877,./audio_chunks/audio_215_chunk_877.mp3
878,215,878,./audio_chunks/audio_215_chunk_878.mp3
879,215,879,./audio_chunks/audio_215_chunk_879.mp3
880,215,880,./audio_chunks/audio_215_chunk_880.mp3
881,215,881,./audio_chunks/audio_215_chunk_881.mp3
882,215,882,./audio_chunks/audio_215_chunk_882.mp3
883,215,883,./audio_chunks/audio_215_chunk_883.mp3
884,215,884,./audio_chunks/audio_215_chunk_884.mp3
885,215,885,./audio_chunks/audio_215_chunk_885.mp3
886,215,886,./audio_chunks/audio_215_chunk_886.mp3
887,215,887,./audio_chunks/audio_215_chunk_887.mp3
888,215,888,./audio_chunks/audio_215_chunk_888.mp3
889,215,889,./audio_chunks/audio_215_chunk_889.mp3
890,215,890,./audio_chunks/audio_215_chunk_890.mp3
891,287,891,./audio_chunks/audio_287_chunk_891.mp3
892,287,892,./audio_chunks/audio_287_chunk_892.mp3
893,287,893,./audio_chunks/audio_287_chunk_893.mp3
894,287,894,./audio_chunks/audio_287_chunk_894.mp3
895,287,895,./audio_chunks/audio_287_chunk_895.mp3
896,287,896,./audio_chunks/audio_287_chunk_896.mp3
897,287,897,./audio_chunks/audio_287_chunk_897.mp3
898,287,898,./audio_chunks/audio_287_chunk_898.mp3
899,287,899,./audio_chunks/audio_287_chunk_899.mp3
900,287,900,./audio_chunks/audio_287_chunk_900.mp3
901,287,901,./audio_chunks/audio_287_chunk_901.mp3
902,287,902,./audio_chunks/audio_287_chunk_902.mp3
903,287,903,./audio_chunks/audio_287_chunk_903.mp3
904,287,904,./audio_chunks/audio_287_chunk_904.mp3
905,287,905,./audio_chunks/audio_287_chunk_905.mp3
906,287,906,./audio_chunks/audio_287_chunk_906.mp3
907,287,907,./audio_chunks/audio_287_chunk_907.mp3
908,287,908,./audio_chunks/audio_287_chunk_908.mp3
909,287,909,./audio_chunks/audio_287_chunk_909.mp3
910,287,910,./audio_chunks/audio_287_chunk_910.mp3
911,287,911,./audio_chunks/audio_287_chunk_911.mp3
912,287,912,./audio_chunks/audio_287_chunk_912.mp3
913,287,913,./audio_chunks/audio_287_chunk_913.mp3
914,287,914,./audio_chunks/audio_287_chunk_914.mp3
915,287,915,./audio_chunks/audio_287_chunk_915.mp3
916,287,916,./audio_chunks/audio_287_chunk_916.mp3
917,287,917,./audio_chunks/audio_287_chunk_917.mp3
918,287,918,./audio_chunks/audio_287_chunk_918.mp3
919,287,919,./audio_chunks/audio_287_chunk_919.mp3
920,287,920,./audio_chunks/audio_287_chunk_920.mp3
921,287,921,./audio_chunks/audio_287_chunk_921.mp3
922,287,922,./audio_chunks/audio_287_chunk_922.mp3
923,287,923,./audio_chunks/audio_287_chunk_923.mp3
924,287,924,./audio_chunks/audio_287_chunk_924.mp3
925,287,925,./audio_chunks/audio_287_chunk_925.mp3
926,287,926,./audio_chunks/audio_287_chunk_926.mp3
927,287,927,./audio_chunks/audio_287_chunk_927.mp3
928,287,928,./audio_chunks/audio_287_chunk_928.mp3
929,287,929,./audio_chunks/audio_287_chunk_929.mp3
930,287,930,./audio_chunks/audio_287_chunk_930.mp3
931,287,931,./audio_chunks/audio_287_chunk_931.mp3
932,287,932,./audio_chunks/audio_287_chunk_932.mp3
933,287,933,./audio_chunks/audio_287_chunk_933.mp3
934,287,934,./audio_chunks/audio_287_chunk_934.mp3
935,287,935,./audio_chunks/audio_287_chunk_935.mp3
936,242,936,./audio_chunks/audio_242_chunk_936.mp3
937,242,937,./audio_chunks/audio_242_chunk_937.mp3
938,242,938,./audio_chunks/audio_242_chunk_938.mp3
939,242,939,./audio_chunks/audio_242_chunk_939.mp3
940,242,940,./audio_chunks/audio_242_chunk_940.mp3
941,242,941,./audio_chunks/audio_242_chunk_941.mp3
942,242,942,./audio_chunks/audio_242_chunk_942.mp3
943,242,943,./audio_chunks/audio_242_chunk_943.mp3
944,242,944,./audio_chunks/audio_242_chunk_944.mp3
945,242,945,./audio_chunks/audio_242_chunk_945.mp3
946,242,946,./audio_chunks/audio_242_chunk_946.mp3
947,242,947,./audio_chunks/audio_242_chunk_947.mp3
948,242,948,./audio_chunks/audio_242_chunk_948.mp3
949,242,949,./audio_chunks/audio_242_chunk_949.mp3
950,242,950,./audio_chunks/audio_242_chunk_950.mp3
951,242,951,./audio_chunks/audio_242_chunk_951.mp3
952,242,952,./audio_chunks/audio_242_chunk_952.mp3
953,242,953,./audio_chunks/audio_242_chunk_953.mp3
954,242,954,./audio_chunks/audio_242_chunk_954.mp3
955,242,955,./audio_chunks/audio_242_chunk_955.mp3
956,169,956,./audio_chunks/audio_169_chunk_956.mp3
957,169,957,./audio_chunks/audio_169_chunk_957.mp3
958,169,958,./audio_chunks/audio_169_chunk_958.mp3
959,169,959,./audio_chunks/audio_169_chunk_959.mp3
960,169,960,./audio_chunks/audio_169_chunk_960.mp3
961,169,961,./audio_chunks/audio_169_chunk_961.mp3
962,169,962,./audio_chunks/audio_169_chunk_962.mp3
963,169,963,./audio_chunks/audio_169_chunk_963.mp3
964,169,964,./audio_chunks/audio_169_chunk_964.mp3
965,169,965,./audio_chunks/audio_169_chunk_965.mp3
966,169,966,./audio_chunks/audio_169_chunk_966.mp3
967,169,967,./audio_chunks/audio_169_chunk_967.mp3
968,169,968,./audio_chunks/audio_169_chunk_968.mp3
969,169,969,./audio_chunks/audio_169_chunk_969.mp3
970,169,970,./audio_chunks/audio_169_chunk_970.mp3
971,169,971,./audio_chunks/audio_169_chunk_971.mp3
972,169,972,./audio_chunks/audio_169_chunk_972.mp3
973,169,973,./audio_chunks/audio_169_chunk_973.mp3
974,169,974,./audio_chunks/audio_169_chunk_974.mp3
975,169,975,./audio_chunks/audio_169_chunk_975.mp3
976,169,976,./audio_chunks/audio_169_chunk_976.mp3
977,169,977,./audio_chunks/audio_169_chunk_977.mp3
978,169,978,./audio_chunks/audio_169_chunk_978.mp3
979,169,979,./audio_chunks/audio_169_chunk_979.mp3
980,169,980,./audio_chunks/audio_169_chunk_980.mp3
981,169,981,./audio_chunks/audio_169_chunk_981.mp3
982,169,982,./audio_chunks/audio_169_chunk_982.mp3
983,169,983,./audio_chunks/audio_169_chunk_983.mp3
984,169,984,./audio_chunks/audio_169_chunk_984.mp3
985,169,985,./audio_chunks/audio_169_chunk_985.mp3
986,169,986,./audio_chunks/audio_169_chunk_986.mp3
987,169,987,./audio_chunks/audio_169_chunk_987.mp3
988,169,988,./audio_chunks/audio_169_chunk_988.mp3
989,169,989,./audio_chunks/audio_169_chunk_989.mp3
990,169,990,./audio_chunks/audio_169_chunk_990.mp3
991,169,991,./audio_chunks/audio_169_chunk_991.mp3
992,169,992,./audio_chunks/audio_169_chunk_992.mp3
993,169,993,./audio_chunks/audio_169_chunk_993.mp3
994,169,994,./audio_chunks/audio_169_chunk_994.mp3
995,169,995,./audio_chunks/audio_169_chunk_995.mp3
996,169,996,./audio_chunks/audio_169_chunk_996.mp3
997,169,997,./audio_chunks/audio_169_chunk_997.mp3
998,169,998,./audio_chunks/audio_169_chunk_998.mp3
999,169,999,./audio_chunks/audio_169_chunk_999.mp3
1000,169,1000,./audio_chunks/audio_169_chunk_1000.mp3
1001,169,1001,./audio_chunks/audio_169_chunk_1001.mp3
1002,169,1002,./audio_chunks/audio_169_chunk_1002.mp3
1003,169,1003,./audio_chunks/audio_169_chunk_1003.mp3
1004,169,1004,./audio_chunks/audio_169_chunk_1004.mp3
1005,257,1005,./audio_chunks/audio_257_chunk_1005.mp3
1006,257,1006,./audio_chunks/audio_257_chunk_1006.mp3
1007,286,1007,./audio_chunks/audio_286_chunk_1007.mp3
1008,286,1008,./audio_chunks/audio_286_chunk_1008.mp3
1009,286,1009,./audio_chunks/audio_286_chunk_1009.mp3
1010,286,1010,./audio_chunks/audio_286_chunk_1010.mp3
1011,286,1011,./audio_chunks/audio_286_chunk_1011.mp3
1012,286,1012,./audio_chunks/audio_286_chunk_1012.mp3
1013,286,1013,./audio_chunks/audio_286_chunk_1013.mp3
1014,286,1014,./audio_chunks/audio_286_chunk_1014.mp3
1015,286,1015,./audio_chunks/audio_286_chunk_1015.mp3
1016,286,1016,./audio_chunks/audio_286_chunk_1016.mp3
1017,286,1017,./audio_chunks/audio_286_chunk_1017.mp3
1018,286,1018,./audio_chunks/audio_286_chunk_1018.mp3
1019,286,1019,./audio_chunks/audio_286_chunk_1019.mp3
1020,286,1020,./audio_chunks/audio_286_chunk_1020.mp3
1021,286,1021,./audio_chunks/audio_286_chunk_1021.mp3
1022,286,1022,./audio_chunks/audio_286_chunk_1022.mp3
1023,286,1023,./audio_chunks/audio_286_chunk_1023.mp3
1024,286,1024,./audio_chunks/audio_286_chunk_1024.mp3
1025,286,1025,./audio_chunks/audio_286_chunk_1025.mp3
1026,286,1026,./audio_chunks/audio_286_chunk_1026.mp3
1027,286,1027,./audio_chunks/audio_286_chunk_1027.mp3
1028,286,1028,./audio_chunks/audio_286_chunk_1028.mp3
1029,286,1029,./audio_chunks/audio_286_chunk_1029.mp3
1030,286,1030,./audio_chunks/audio_286_chunk_1030.mp3
1031,286,1031,./audio_chunks/audio_286_chunk_1031.mp3
1032,286,1032,./audio_chunks/audio_286_chunk_1032.mp3
1033,286,1033,./audio_chunks/audio_286_chunk_1033.mp3
1034,286,1034,./audio_chunks/audio_286_chunk_1034.mp3
1035,286,1035,./audio_chunks/audio_286_chunk_1035.mp3
1036,286,1036,./audio_chunks/audio_286_chunk_1036.mp3
1037,286,1037,./audio_chunks/audio_286_chunk_1037.mp3
1038,286,1038,./audio_chunks/audio_286_chunk_1038.mp3
1039,286,1039,./audio_chunks/audio_286_chunk_1039.mp3
1040,286,1040,./audio_chunks/audio_286_chunk_1040.mp3
1041,286,1041,./audio_chunks/audio_286_chunk_1041.mp3
1042,286,1042,./audio_chunks/audio_286_chunk_1042.mp3
1043,286,1043,./audio_chunks/audio_286_chunk_1043.mp3
1044,286,1044,./audio_chunks/audio_286_chunk_1044.mp3
1045,239,1045,./audio_chunks/audio_239_chunk_1045.mp3
1046,239,1046,./audio_chunks/audio_239_chunk_1046.mp3
1047,239,1047,./audio_chunks/audio_239_chunk_1047.mp3
1048,239,1048,./audio_chunks/audio_239_chunk_1048.mp3
1049,239,1049,./audio_chunks/audio_239_chunk_1049.mp3
1050,239,1050,./audio_chunks/audio_239_chunk_1050.mp3
1051,239,1051,./audio_chunks/audio_239_chunk_1051.mp3
1052,239,1052,./audio_chunks/audio_239_chunk_1052.mp3
1053,239,1053,./audio_chunks/audio_239_chunk_1053.mp3
1054,239,1054,./audio_chunks/audio_239_chunk_1054.mp3
1055,239,1055,./audio_chunks/audio_239_chunk_1055.mp3
1056,239,1056,./audio_chunks/audio_239_chunk_1056.mp3
1057,279,1057,./audio_chunks/audio_279_chunk_1057.mp3
1058,279,1058,./audio_chunks/audio_279_chunk_1058.mp3
1059,279,1059,./audio_chunks/audio_279_chunk_1059.mp3
1060,279,1060,./audio_chunks/audio_279_chunk_1060.mp3
1061,279,1061,./audio_chunks/audio_279_chunk_1061.mp3
1062,279,1062,./audio_chunks/audio_279_chunk_1062.mp3
1063,279,1063,./audio_chunks/audio_279_chunk_1063.mp3
1064,279,1064,./audio_chunks/audio_279_chunk_1064.mp3
1065,279,1065,./audio_chunks/audio_279_chunk_1065.mp3
1066,279,1066,./audio_chunks/audio_279_chunk_1066.mp3
1067,279,1067,./audio_chunks/audio_279_chunk_1067.mp3
1068,279,1068,./audio_chunks/audio_279_chunk_1068.mp3
1069,279,1069,./audio_chunks/audio_279_chunk_1069.mp3
1070,279,1070,./audio_chunks/audio_279_chunk_1070.mp3
1071,279,1071,./audio_chunks/audio_279_chunk_1071.mp3
1072,279,1072,./audio_chunks/audio_279_chunk_1072.mp3
1073,279,1073,./audio_chunks/audio_279_chunk_1073.mp3
1074,279,1074,./audio_chunks/audio_279_chunk_1074.mp3
1075,279,1075,./audio_chunks/audio_279_chunk_1075.mp3
1076,279,1076,./audio_chunks/audio_279_chunk_1076.mp3
1077,279,1077,./audio_chunks/audio_279_chunk_1077.mp3
1078,279,1078,./audio_chunks/audio_279_chunk_1078.mp3
1079,279,1079,./audio_chunks/audio_279_chunk_1079.mp3
1080,279,1080,./audio_chunks/audio_279_chunk_1080.mp3
1081,279,1081,./audio_chunks/audio_279_chunk_1081.mp3
1082,279,1082,./audio_chunks/audio_279_chunk_1082.mp3
1083,279,1083,./audio_chunks/audio_279_chunk_1083.mp3
1084,279,1084,./audio_chunks/audio_279_chunk_1084.mp3
1085,279,1085,./audio_chunks/audio_279_chunk_1085.mp3
1086,279,1086,./audio_chunks/audio_279_chunk_1086.mp3
1087,279,1087,./audio_chunks/audio_279_chunk_1087.mp3
1088,279,1088,./audio_chunks/audio_279_chunk_1088.mp3
1089,279,1089,./audio_chunks/audio_279_chunk_1089.mp3
1090,279,1090,./audio_chunks/audio_279_chunk_1090.mp3
1091,279,1091,./audio_chunks/audio_279_chunk_1091.mp3
1092,279,1092,./audio_chunks/audio_279_chunk_1092.mp3
1093,279,1093,./audio_chunks/audio_279_chunk_1093.mp3
1094,279,1094,./audio_chunks/audio_279_chunk_1094.mp3
1095,279,1095,./audio_chunks/audio_279_chunk_1095.mp3
1096,279,1096,./audio_chunks/audio_279_chunk_1096.mp3
1097,279,1097,./audio_chunks/audio_279_chunk_1097.mp3
1098,279,1098,./audio_chunks/audio_279_chunk_1098.mp3
1099,52,1099,./audio_chunks/audio_52_chunk_1099.mp3
1100,52,1100,./audio_chunks/audio_52_chunk_1100.mp3
1101,52,1101,./audio_chunks/audio_52_chunk_1101.mp3
1102,52,1102,./audio_chunks/audio_52_chunk_1102.mp3
1103,52,1103,./audio_chunks/audio_52_chunk_1103.mp3
1104,52,1104,./audio_chunks/audio_52_chunk_1104.mp3
1105,52,1105,./audio_chunks/audio_52_chunk_1105.mp3
1106,52,1106,./audio_chunks/audio_52_chunk_1106.mp3
1107,52,1107,./audio_chunks/audio_52_chunk_1107.mp3
1108,158,1108,./audio_chunks/audio_158_chunk_1108.mp3
1109,158,1109,./audio_chunks/audio_158_chunk_1109.mp3
1110,158,1110,./audio_chunks/audio_158_chunk_1110.mp3
1111,158,1111,./audio_chunks/audio_158_chunk_1111.mp3
1112,158,1112,./audio_chunks/audio_158_chunk_1112.mp3
1113,158,1113,./audio_chunks/audio_158_chunk_1113.mp3
1114,158,1114,./audio_chunks/audio_158_chunk_1114.mp3
1115,158,1115,./audio_chunks/audio_158_chunk_1115.mp3
1116,158,1116,./audio_chunks/audio_158_chunk_1116.mp3
1117,158,1117,./audio_chunks/audio_158_chunk_1117.mp3
1118,158,1118,./audio_chunks/audio_158_chunk_1118.mp3
1119,158,1119,./audio_chunks/audio_158_chunk_1119.mp3
1120,158,1120,./audio_chunks/audio_158_chunk_1120.mp3
1121,158,1121,./audio_chunks/audio_158_chunk_1121.mp3
1122,158,1122,./audio_chunks/audio_158_chunk_1122.mp3
1123,158,1123,./audio_chunks/audio_158_chunk_1123.mp3
1124,158,1124,./audio_chunks/audio_158_chunk_1124.mp3
1125,46,1125,./audio_chunks/audio_46_chunk_1125.mp3
1126,46,1126,./audio_chunks/audio_46_chunk_1126.mp3
1127,46,1127,./audio_chunks/audio_46_chunk_1127.mp3
1128,46,1128,./audio_chunks/audio_46_chunk_1128.mp3
1129,46,1129,./audio_chunks/audio_46_chunk_1129.mp3
1130,46,1130,./audio_chunks/audio_46_chunk_1130.mp3
1131,46,1131,./audio_chunks/audio_46_chunk_1131.mp3
1132,46,1132,./audio_chunks/audio_46_chunk_1132.mp3
1133,146,1133,./audio_chunks/audio_146_chunk_1133.mp3
1134,146,1134,./audio_chunks/audio_146_chunk_1134.mp3
1135,146,1135,./audio_chunks/audio_146_chunk_1135.mp3
1136,146,1136,./audio_chunks/audio_146_chunk_1136.mp3
1137,146,1137,./audio_chunks/audio_146_chunk_1137.mp3
1138,146,1138,./audio_chunks/audio_146_chunk_1138.mp3
1139,146,1139,./audio_chunks/audio_146_chunk_1139.mp3
1140,146,1140,./audio_chunks/audio_146_chunk_1140.mp3
1141,295,1141,./audio_chunks/audio_295_chunk_1141.mp3
1142,295,1142,./audio_chunks/audio_295_chunk_1142.mp3
1143,295,1143,./audio_chunks/audio_295_chunk_1143.mp3
1144,295,1144,./audio_chunks/audio_295_chunk_1144.mp3
1145,295,1145,./audio_chunks/audio_295_chunk_1145.mp3
1146,295,1146,./audio_chunks/audio_295_chunk_1146.mp3
1147,295,1147,./audio_chunks/audio_295_chunk_1147.mp3
1148,295,1148,./audio_chunks/audio_295_chunk_1148.mp3
1149,295,1149,./audio_chunks/audio_295_chunk_1149.mp3
1150,295,1150,./audio_chunks/audio_295_chunk_1150.mp3
1151,295,1151,./audio_chunks/audio_295_chunk_1151.mp3
1152,295,1152,./audio_chunks/audio_295_chunk_1152.mp3
1153,295,1153,./audio_chunks/audio_295_chunk_1153.mp3
1154,295,1154,./audio_chunks/audio_295_chunk_1154.mp3
1155,295,1155,./audio_chunks/audio_295_chunk_1155.mp3
1156,295,1156,./audio_chunks/audio_295_chunk_1156.mp3
1157,295,1157,./audio_chunks/audio_295_chunk_1157.mp3
1158,53,1158,./audio_chunks/audio_53_chunk_1158.mp3
1159,53,1159,./audio_chunks/audio_53_chunk_1159.mp3
1160,53,1160,./audio_chunks/audio_53_chunk_1160.mp3
1161,296,1161,./audio_chunks/audio_296_chunk_1161.mp3
1162,296,1162,./audio_chunks/audio_296_chunk_1162.mp3
1163,296,1163,./audio_chunks/audio_296_chunk_1163.mp3
1164,296,1164,./audio_chunks/audio_296_chunk_1164.mp3
1165,296,1165,./audio_chunks/audio_296_chunk_1165.mp3
1166,296,1166,./audio_chunks/audio_296_chunk_1166.mp3
1167,296,1167,./audio_chunks/audio_296_chunk_1167.mp3
1168,296,1168,./audio_chunks/audio_296_chunk_1168.mp3
1169,296,1169,./audio_chunks/audio_296_chunk_1169.mp3
1170,296,1170,./audio_chunks/audio_296_chunk_1170.mp3
1171,296,1171,./audio_chunks/audio_296_chunk_1171.mp3
1172,296,1172,./audio_chunks/audio_296_chunk_1172.mp3
1173,296,1173,./audio_chunks/audio_296_chunk_1173.mp3
1174,296,1174,./audio_chunks/audio_296_chunk_1174.mp3
1175,296,1175,./audio_chunks/audio_296_chunk_1175.mp3
1176,296,1176,./audio_chunks/audio_296_chunk_1176.mp3
1177,296,1177,./audio_chunks/audio_296_chunk_1177.mp3
1178,167,1178,./audio_chunks/audio_167_chunk_1178.mp3
1179,167,1179,./audio_chunks/audio_167_chunk_1179.mp3
1180,167,1180,./audio_chunks/audio_167_chunk_1180.mp3
1181,167,1181,./audio_chunks/audio_167_chunk_1181.mp3
1182,167,1182,./audio_chunks/audio_167_chunk_1182.mp3
1183,1,1183,./audio_chunks/audio_1_chunk_1183.mp3
1184,1,1184,./audio_chunks/audio_1_chunk_1184.mp3
1185,1,1185,./audio_chunks/audio_1_chunk_1185.mp3
1186,1,1186,./audio_chunks/audio_1_chunk_1186.mp3
1187,1,1187,./audio_chunks/audio_1_chunk_1187.mp3
1188,1,1188,./audio_chunks/audio_1_chunk_1188.mp3
1189,1,1189,./audio_chunks/audio_1_chunk_1189.mp3
1190,1,1190,./audio_chunks/audio_1_chunk_1190.mp3
1191,1,1191,./audio_chunks/audio_1_chunk_1191.mp3
1192,1,1192,./audio_chunks/audio_1_chunk_1192.mp3
1193,1,1193,./audio_chunks/audio_1_chunk_1193.mp3
1194,1,1194,./audio_chunks/audio_1_chunk_1194.mp3
1195,1,1195,./audio_chunks/audio_1_chunk_1195.mp3
1196,1,1196,./audio_chunks/audio_1_chunk_1196.mp3
1197,1,1197,./audio_chunks/audio_1_chunk_1197.mp3
1198,1,1198,./audio_chunks/audio_1_chunk_1198.mp3
1199,1,1199,./audio_chunks/audio_1_chunk_1199.mp3
1200,1,1200,./audio_chunks/audio_1_chunk_1200.mp3
1201,1,1201,./audio_chunks/audio_1_chunk_1201.mp3
1202,1,1202,./audio_chunks/audio_1_chunk_1202.mp3
1203,1,1203,./audio_chunks/audio_1_chunk_1203.mp3
1204,1,1204,./audio_chunks/audio_1_chunk_1204.mp3
1205,1,1205,./audio_chunks/audio_1_chunk_1205.mp3
1206,1,1206,./audio_chunks/audio_1_chunk_1206.mp3
1207,1,1207,./audio_chunks/audio_1_chunk_1207.mp3
1208,1,1208,./audio_chunks/audio_1_chunk_1208.mp3
1209,1,1209,./audio_chunks/audio_1_chunk_1209.mp3
1210,1,1210,./audio_chunks/audio_1_chunk_1210.mp3
1211,1,1211,./audio_chunks/audio_1_chunk_1211.mp3
1212,1,1212,./audio_chunks/audio_1_chunk_1212.mp3
1213,1,1213,./audio_chunks/audio_1_chunk_1213.mp3
1214,1,1214,./audio_chunks/audio_1_chunk_1214.mp3
1215,1,1215,./audio_chunks/audio_1_chunk_1215.mp3
1216,1,1216,./audio_chunks/audio_1_chunk_1216.mp3
1217,1,1217,./audio_chunks/audio_1_chunk_1217.mp3
1218,1,1218,./audio_chunks/audio_1_chunk_1218.mp3
1219,1,1219,./audio_chunks/audio_1_chunk_1219.mp3
1220,1,1220,./audio_chunks/audio_1_chunk_1220.mp3
1221,1,1221,./audio_chunks/audio_1_chunk_1221.mp3
1222,1,1222,./audio_chunks/audio_1_chunk_1222.mp3
1223,1,1223,./audio_chunks/audio_1_chunk_1223.mp3
1224,1,1224,./audio_chunks/audio_1_chunk_1224.mp3
1225,1,1225,./audio_chunks/audio_1_chunk_1225.mp3
1226,1,1226,./audio_chunks/audio_1_chunk_1226.mp3
1227,1,1227,./audio_chunks/audio_1_chunk_1227.mp3
1228,1,1228,./audio_chunks/audio_1_chunk_1228.mp3
1229,1,1229,./audio_chunks/audio_1_chunk_1229.mp3
1230,1,1230,./audio_chunks/audio_1_chunk_1230.mp3
1231,1,1231,./audio_chunks/audio_1_chunk_1231.mp3
1232,1,1232,./audio_chunks/audio_1_chunk_1232.mp3
1233,181,1233,./audio_chunks/audio_181_chunk_1233.mp3
1234,200,1234,./audio_chunks/audio_200_chunk_1234.mp3
1235,200,1235,./audio_chunks/audio_200_chunk_1235.mp3
1236,200,1236,./audio_chunks/audio_200_chunk_1236.mp3
1237,200,1237,./audio_chunks/audio_200_chunk_1237.mp3
1238,200,1238,./audio_chunks/audio_200_chunk_1238.mp3
1239,200,1239,./audio_chunks/audio_200_chunk_1239.mp3
1240,200,1240,./audio_chunks/audio_200_chunk_1240.mp3
1241,200,1241,./audio_chunks/audio_200_chunk_1241.mp3
1242,200,1242,./audio_chunks/audio_200_chunk_1242.mp3
1243,200,1243,./audio_chunks/audio_200_chunk_1243.mp3
1244,200,1244,./audio_chunks/audio_200_chunk_1244.mp3
1245,200,1245,./audio_chunks/audio_200_chunk_1245.mp3
1246,200,1246,./audio_chunks/audio_200_chunk_1246.mp3
1247,9,1247,./audio_chunks/audio_9_chunk_1247.mp3
1248,9,1248,./audio_chunks/audio_9_chunk_1248.mp3
1249,9,1249,./audio_chunks/audio_9_chunk_1249.mp3
1250,9,1250,./audio_chunks/audio_9_chunk_1250.mp3
1251,9,1251,./audio_chunks/audio_9_chunk_1251.mp3
1252,9,1252,./audio_chunks/audio_9_chunk_1252.mp3
1253,9,1253,./audio_chunks/audio_9_chunk_1253.mp3
1254,9,1254,./audio_chunks/audio_9_chunk_1254.mp3
1255,9,1255,./audio_chunks/audio_9_chunk_1255.mp3
1256,9,1256,./audio_chunks/audio_9_chunk_1256.mp3
1257,9,1257,./audio_chunks/audio_9_chunk_1257.mp3
1258,9,1258,./audio_chunks/audio_9_chunk_1258.mp3
1259,9,1259,./audio_chunks/audio_9_chunk_1259.mp3
1260,9,1260,./audio_chunks/audio_9_chunk_1260.mp3
1261,9,1261,./audio_chunks/audio_9_chunk_1261.mp3
1262,9,1262,./audio_chunks/audio_9_chunk_1262.mp3
1263,9,1263,./audio_chunks/audio_9_chunk_1263.mp3
1264,9,1264,./audio_chunks/audio_9_chunk_1264.mp3
1265,9,1265,./audio_chunks/audio_9_chunk_1265.mp3
1266,9,1266,./audio_chunks/audio_9_chunk_1266.mp3
1267,9,1267,./audio_chunks/audio_9_chunk_1267.mp3
1268,9,1268,./audio_chunks/audio_9_chunk_1268.mp3
1269,9,1269,./audio_chunks/audio_9_chunk_1269.mp3
1270,9,1270,./audio_chunks/audio_9_chunk_1270.mp3
1271,9,1271,./audio_chunks/audio_9_chunk_1271.mp3
1272,9,1272,./audio_chunks/audio_9_chunk_1272.mp3
1273,9,1273,./audio_chunks/audio_9_chunk_1273.mp3
1274,9,1274,./audio_chunks/audio_9_chunk_1274.mp3
1275,9,1275,./audio_chunks/audio_9_chunk_1275.mp3
1276,9,1276,./audio_chunks/audio_9_chunk_1276.mp3
1277,9,1277,./audio_chunks/audio_9_chunk_1277.mp3
1278,9,1278,./audio_chunks/audio_9_chunk_1278.mp3
1279,9,1279,./audio_chunks/audio_9_chunk_1279.mp3
1280,9,1280,./audio_chunks/audio_9_chunk_1280.mp3
1281,9,1281,./audio_chunks/audio_9_chunk_1281.mp3
1282,9,1282,./audio_chunks/audio_9_chunk_1282.mp3
1283,9,1283,./audio_chunks/audio_9_chunk_1283.mp3
1284,9,1284,./audio_chunks/audio_9_chunk_1284.mp3
1285,9,1285,./audio_chunks/audio_9_chunk_1285.mp3
1286,9,1286,./audio_chunks/audio_9_chunk_1286.mp3
1287,9,1287,./audio_chunks/audio_9_chunk_1287.mp3
1288,9,1288,./audio_chunks/audio_9_chunk_1288.mp3
1289,9,1289,./audio_chunks/audio_9_chunk_1289.mp3
1290,9,1290,./audio_chunks/audio_9_chunk_1290.mp3
1291,9,1291,./audio_chunks/audio_9_chunk_1291.mp3
1292,9,1292,./audio_chunks/audio_9_chunk_1292.mp3
1293,144,1293,./audio_chunks/audio_144_chunk_1293.mp3
1294,144,1294,./audio_chunks/audio_144_chunk_1294.mp3
1295,144,1295,./audio_chunks/audio_144_chunk_1295.mp3
1296,144,1296,./audio_chunks/audio_144_chunk_1296.mp3
1297,144,1297,./audio_chunks/audio_144_chunk_1297.mp3
1298,144,1298,./audio_chunks/audio_144_chunk_1298.mp3
1299,144,1299,./audio_chunks/audio_144_chunk_1299.mp3
1300,144,1300,./audio_chunks/audio_144_chunk_1300.mp3
1301,144,1301,./audio_chunks/audio_144_chunk_1301.mp3
1302,144,1302,./audio_chunks/audio_144_chunk_1302.mp3
1303,144,1303,./audio_chunks/audio_144_chunk_1303.mp3
1304,144,1304,./audio_chunks/audio_144_chunk_1304.mp3
1305,144,1305,./audio_chunks/audio_144_chunk_1305.mp3
1306,144,1306,./audio_chunks/audio_144_chunk_1306.mp3
1307,144,1307,./audio_chunks/audio_144_chunk_1307.mp3
1308,144,1308,./audio_chunks/audio_144_chunk_1308.mp3
1309,144,1309,./audio_chunks/audio_144_chunk_1309.mp3
1310,144,1310,./audio_chunks/audio_144_chunk_1310.mp3
1311,144,1311,./audio_chunks/audio_144_chunk_1311.mp3
1312,144,1312,./audio_chunks/audio_144_chunk_1312.mp3
1313,297,1313,./audio_chunks/audio_297_chunk_1313.mp3
1314,297,1314,./audio_chunks/audio_297_chunk_1314.mp3
1315,297,1315,./audio_chunks/audio_297_chunk_1315.mp3
1316,297,1316,./audio_chunks/audio_297_chunk_1316.mp3
1317,297,1317,./audio_chunks/audio_297_chunk_1317.mp3
1318,297,1318,./audio_chunks/audio_297_chunk_1318.mp3
1319,297,1319,./audio_chunks/audio_297_chunk_1319.mp3
1320,297,1320,./audio_chunks/audio_297_chunk_1320.mp3
1321,297,1321,./audio_chunks/audio_297_chunk_1321.mp3
1322,297,1322,./audio_chunks/audio_297_chunk_1322.mp3
1323,172,1323,./audio_chunks/audio_172_chunk_1323.mp3
1324,172,1324,./audio_chunks/audio_172_chunk_1324.mp3
1325,172,1325,./audio_chunks/audio_172_chunk_1325.mp3
1326,172,1326,./audio_chunks/audio_172_chunk_1326.mp3
1327,172,1327,./audio_chunks/audio_172_chunk_1327.mp3
1328,172,1328,./audio_chunks/audio_172_chunk_1328.mp3
1329,172,1329,./audio_chunks/audio_172_chunk_1329.mp3
1330,172,1330,./audio_chunks/audio_172_chunk_1330.mp3
1331,172,1331,./audio_chunks/audio_172_chunk_1331.mp3
1332,172,1332,./audio_chunks/audio_172_chunk_1332.mp3
1333,172,1333,./audio_chunks/audio_172_chunk_1333.mp3
1334,172,1334,./audio_chunks/audio_172_chunk_1334.mp3
1335,172,1335,./audio_chunks/audio_172_chunk_1335.mp3
1336,172,1336,./audio_chunks/audio_172_chunk_1336.mp3
1337,172,1337,./audio_chunks/audio_172_chunk_1337.mp3
1338,172,1338,./audio_chunks/audio_172_chunk_1338.mp3
1339,172,1339,./audio_chunks/audio_172_chunk_1339.mp3
1340,172,1340,./audio_chunks/audio_172_chunk_1340.mp3
1341,172,1341,./audio_chunks/audio_172_chunk_1341.mp3
1342,172,1342,./audio_chunks/audio_172_chunk_1342.mp3
1343,6,1343,./audio_chunks/audio_6_chunk_1343.mp3
1344,6,1344,./audio_chunks/audio_6_chunk_1344.mp3
1345,6,1345,./audio_chunks/audio_6_chunk_1345.mp3
1346,6,1346,./audio_chunks/audio_6_chunk_1346.mp3
1347,6,1347,./audio_chunks/audio_6_chunk_1347.mp3
1348,6,1348,./audio_chunks/audio_6_chunk_1348.mp3
1349,6,1349,./audio_chunks/audio_6_chunk_1349.mp3
1350,6,1350,./audio_chunks/audio_6_chunk_1350.mp3
1351,6,1351,./audio_chunks/audio_6_chunk_1351.mp3
1352,6,1352,./audio_chunks/audio_6_chunk_1352.mp3
1353,6,1353,./audio_chunks/audio_6_chunk_1353.mp3
1354,6,1354,./audio_chunks/audio_6_chunk_1354.mp3
1355,6,1355,./audio_chunks/audio_6_chunk_1355.mp3
1356,6,1356,./audio_chunks/audio_6_chunk_1356.mp3
1357,6,1357,./audio_chunks/audio_6_chunk_1357.mp3
1358,6,1358,./audio_chunks/audio_6_chunk_1358.mp3
1359,6,1359,./audio_chunks/audio_6_chunk_1359.mp3
1360,6,1360,./audio_chunks/audio_6_chunk_1360.mp3
1361,6,1361,./audio_chunks/audio_6_chunk_1361.mp3
1362,6,1362,./audio_chunks/audio_6_chunk_1362.mp3
1363,197,1363,./audio_chunks/audio_197_chunk_1363.mp3
1364,197,1364,./audio_chunks/audio_197_chunk_1364.mp3
1365,197,1365,./audio_chunks/audio_197_chunk_1365.mp3
1366,197,1366,./audio_chunks/audio_197_chunk_1366.mp3
1367,197,1367,./audio_chunks/audio_197_chunk_1367.mp3
1368,197,1368,./audio_chunks/audio_197_chunk_1368.mp3
1369,197,1369,./audio_chunks/audio_197_chunk_1369.mp3
1370,197,1370,./audio_chunks/audio_197_chunk_1370.mp3
1371,197,1371,./audio_chunks/audio_197_chunk_1371.mp3
1372,197,1372,./audio_chunks/audio_197_chunk_1372.mp3
1373,197,1373,./audio_chunks/audio_197_chunk_1373.mp3
1374,197,1374,./audio_chunks/audio_197_chunk_1374.mp3
1375,197,1375,./audio_chunks/audio_197_chunk_1375.mp3
1376,197,1376,./audio_chunks/audio_197_chunk_1376.mp3
1377,197,1377,./audio_chunks/audio_197_chunk_1377.mp3
1378,197,1378,./audio_chunks/audio_197_chunk_1378.mp3
1379,197,1379,./audio_chunks/audio_197_chunk_1379.mp3
1380,197,1380,./audio_chunks/audio_197_chunk_1380.mp3
1381,197,1381,./audio_chunks/audio_197_chunk_1381.mp3
1382,197,1382,./audio_chunks/audio_197_chunk_1382.mp3
1383,197,1383,./audio_chunks/audio_197_chunk_1383.mp3
1384,197,1384,./audio_chunks/audio_197_chunk_1384.mp3
